	B_cells	CD4_Tcells	Macrophages	Tregs	CD8_Tcells	PanCK+_cells	Negative_cells	Total	non_panck	FoxP3_over_CD8	CD8_over_CD68	FoxP3_over_CD4	sample_type	pt_number
1 TUR	-2.27479105048068	-1.8049079075401544	-1.2440788362226751	-1.94726990528484	-1.8335914966378992	-0.2295349746004842	-0.5134494374133076	0.0	-0.3866584926139839	-0.1136784086469408	-0.5895126604152241	-0.1423619977446855	TUR	1
1 Cystectomy	-3.265001614867756	-1.852121256402782	-0.8388758398894997	-2.6379546196020023	-1.9023669201328823	-0.3259538805217811	-0.4515506873299224	0.0	-0.2774587856519045	-0.7355876994691197	-1.063491080243383	-0.7858333631992204	Cystectomy	1
10 TUR	-2.756097306344438	-1.646810515278934	-1.7342374703596355	-2.0973685207866666	-1.4373077982963525	-0.0965569100161688	-0.9503579355157904	0.0	-0.7003740257058317	-0.6600607224903139	0.2969296720632828	-0.4505580055077325	TUR	10
10 Cystectomy	-2.558086646340805	-1.6183014496477286	-1.0568255794039902	-2.0584167972884795	-1.2438164726402454	-0.404164314395966	-0.3712648808479895	0.0	-0.2177466712177944	-0.8146003246482342	-0.1869908932362552	-0.4401153476407511	Cystectomy	10
102 TUR	-3.583886515591084	-2.022218146015599	-0.9547051097125718	-1.7505744278203947	-1.7193173532515318	-0.1745446553281657	-0.7610329027871808	0.0	-0.4802286919618918	-0.0312570745688628	-0.7646122435389601	0.271643718195204	TUR	102
102 Cystectomy	-2.0178291369910664	-1.1069002965278174	-1.2000722064890548	-1.6256418183303838	-0.8472135894163584	-0.5270657035091699	-0.4132152818243578	0.0	-0.1531195687066913	-0.7784282289140254	0.3528586170726964	-0.5187415218025666	Cystectomy	102
103 TUR	-1.919805267545558	-1.4563294434663776	-1.1419455095427502	-1.6340324102441084	-1.3707703977664132	-0.1999124637916874	-0.7351675480698072	0.0	-0.4330702859281238	-0.2632620124776952	-0.2288248882236631	-0.1777029667777309	TUR	103
103 Cystectomy	-2.1553119716291187	-1.484941341390036	-1.1672285384313674	-1.8428081432258867	-1.664305656104987	-0.2680455677510894	-0.4992769356025637	0.0	-0.3367262558645705	-0.1785024871208997	-0.4970771176736195	-0.3578668018358507	Cystectomy	103
11 TUR	-2.590322289617411	-1.2698232849617574	-1.7046837491322022	-2.8360316636243565	-1.6848828265710676	-0.2188222657544976	-0.5262459238023973	0.0	-0.4025143334523055	-1.1511488370532887	0.0198009225611343	-1.566208378662599	TUR	11
11 Cystectomy	-3.124145787635268	-2.3851891519208754	-1.4635227055774551	-2.5333287123805897	-1.724222212043174	-0.1138948426868336	-0.7705094785779758	0.0	-0.636982263730557	-0.8091065003374156	-0.2606995064657187	-0.1481395604597143	Cystectomy	11
12 TUR	-2.424836336586429	-2.042578073018585	-1.8260629848423289	-2.537890008978302	-2.200063737144656	-0.2278635616092043	-0.4302501629866058	0.0	-0.3890663320418639	-0.3378262718336462	-0.3740007523023271	-0.4953119359597167	TUR	12
12 Cystectomy	-2.307455583383564	-2.07357165661002	-2.023059950260962	-1.4309552953178872	-1.2589490728789496	-0.3503856738919831	-0.3578227101542816	0.0	-0.2567144275400141	-0.1720062224389377	0.7641108773820122	0.6426163612921327	Cystectomy	12
13 TUR	-1.8075079175458248	-1.8925481075948285	-1.9619827471559577	-2.1162198857613523	-1.60444299821504	-0.1095807094650816	-0.8203970866510174	0.0	-0.6516796173379865	-0.5117768875463121	0.3575397489409175	-0.2236717781665239	TUR	13
13 Cystectomy	-2.2614888949926133	-1.50610779919466	-2.0375271973439038	-2.1960212371006023	-1.6901431873915636	-0.1974386480713278	-0.533564487114489	0.0	-0.4373366412471762	-0.5058780497090387	0.3473840099523397	-0.6899134379059423	Cystectomy	13
14 TUR	-2.013994633319532	-1.8702290394517485	-2.319762433954781	-2.005825844242105	-2.1729543963392306	-0.3430177518431169	-0.2996481967341122	0.0	-0.2627392016567652	0.1671285520971255	0.1468080376155501	-0.1355968047903566	TUR	14
14 Cystectomy	-2.729736720670576	-1.09414107261982	-2.0482871386126997	-3.409147946029477	-1.602532401929084	-0.4146330336313736	-0.3024051439284342	0.0	-0.2110636721976487	-1.8066155441003928	0.4457547366836153	-2.315006873409657	Cystectomy	14
15 TUR	-3.0561804233421404	-2.713757742519934	-3.579059168622478	-3.579059168622478	-2.443396566622405	-0.0443563277478317	-1.0425007260509478	0.0	-1.0124252963734608	-1.1356626020000733	1.1356626020000733	-0.865301426102544	TUR	15
15 Cystectomy	-2.077337869010412	-1.2444596358210886	-1.8756925054823423	-2.848369378271108	-1.6765359423579675	-0.2727028788042581	-0.4372426286399224	0.0	-0.331302284201933	-1.1718334359131397	0.1991565631243746	-1.6039097424500188	Cystectomy	15
16 TUR	-2.0870751767986206	-2.3714452592245787	-1.5440481904344383	-2.576500214215576	-1.6915681967975822	-0.0702751911575436	-1.0671586212267543	0.0	-0.8255132871981448	-0.8849320174179942	-0.1475200063631437	-0.2050549549909977	TUR	16
16 Cystectomy	-2.108658967898531	-2.009342885124596	-1.0195883304307445	-1.8843741568390693	-1.1754072539193343	-0.2926364357615308	-0.5268443723413856	0.0	-0.3095865842342061	-0.7089669029197352	-0.1558189234885899	0.1249687282855261	Cystectomy	16
17 TUR	-2.279545759622576	-1.1426870622437797	-1.4819299914802886	-2.532217233103217	-1.4786409427055929	-0.2206576308092486	-0.5985976889565514	0.0	-0.3997294615476299	-1.0535762903976242	0.003289048774696	-1.3895301708594372	TUR	17
17 Cystectomy	-1.843395465675077	-1.5040009980415403	-0.4213516832553377	-1.9565097477678608	-0.8728650042410281	-0.7382651224203296	-0.6053653524758467	0.0	-0.0875691426597185	-1.0836447435268326	-0.4515133209856903	-0.4525087497263203	Cystectomy	17
18 TUR	-2.796863834243783	-2.110014462583617	-1.5175339331519893	-1.727165193962123	-1.433579695411175	-0.1322434195748268	-0.7767383311298738	0.0	-0.5808493395419667	-0.2935854985509482	0.0839542377408141	0.382849268621494	TUR	18
18 Cystectomy	-2.549252796760761	-2.3334176949040404	-1.3114803266642308	-2.1061424370841024	-2.003367461794626	-0.1797019958714855	-0.5770324589158902	0.0	-0.469987156420832	-0.1027749752894762	-0.6918871351303953	0.2272752578199382	Cystectomy	18
19 TUR	-3.790130282632941	-2.6695563514270915	-4.011979032249298	-3.710949036585317	-3.074126938998142	-0.1709116928171639	-0.4920198514972291	0.0	-0.4876261902772273	-0.6368220975871743	0.9378520932511556	-1.041392685158225	TUR	19
19 Cystectomy	-2.3356225698380366	-0.8645711092412223	-1.2374866945902376	-1.8298796226317584	-1.364845200519296	-0.3383823669862849	-0.5464226727639543	0.0	-0.2666354317504251	-0.4650344221124624	-0.1273585059290581	-0.965308513390536	Cystectomy	19
2 TUR	-3.211107557338678	-2.727995938929828	-1.573798543487906	-2.7806383238397205	-3.057716188378173	-0.1812223531256559	-0.5093537393810712	0.0	-0.4670319932352627	0.2770778645384528	-1.4839176448902671	-0.0526423849098924	TUR	2
2 Cystectomy	-2.5695584960147304	-1.494771498065198	-1.585640733026601	-1.815888055477312	-1.7051854750216855	-0.2389472742996294	-0.484758373484269	0.0	-0.3734886964264063	-0.1107025804556267	-0.1195447419950845	-0.3211165574121143	Cystectomy	2
21 TUR	-2.2043837263056694	-1.2650044557936304	-1.690693268957347	-2.8358274953188416	-0.8707575612520193	-0.1910660132382192	-0.8572270438024842	0.0	-0.4486228175642448	-1.9650699340668225	0.8199357077053278	-1.570823039525211	TUR	21
21 Cystectomy	-1.9908673632835283	-1.1506212784584535	-1.006002558152345	-2.0453160106757258	-1.1236781682631682	-0.4219930642281423	-0.446312223231784	0.0	-0.2065173655273652	-0.9216378424125576	-0.1176756101108232	-0.8946947322172722	Cystectomy	21
22 TUR	-2.245204633784313	-2.365310503827436	-1.838805969563556	-2.2586652509781224	-1.553152136620091	-0.0894995523384839	-0.8919304301911709	0.0	-0.7299427440244317	-0.7055131143580311	0.2856538329434649	0.106645252849313	TUR	22
22 Cystectomy	-3.586242575400438	-2.78876294489657	-1.918479559802	-2.749115584854513	-2.673740111907213	-0.3607663921384128	-0.2624856379647639	0.0	-0.2485251388115355	-0.0753754729473003	-0.7552605521052134	0.0396473600420564	Cystectomy	22
23 TUR	-2.3088587479045604	-1.714299711291024	-2.815882523718822	-2.000664100482096	-1.5925613107077063	-0.1106860463047932	-0.785810057608592	0.0	-0.6478411325971304	-0.4081027897743896	1.2233212130111155	-0.2863643891910716	TUR	23
23 Cystectomy	-3.5642199407792488	-2.167971388349105	-1.5134366726299953	-2.3021186474064144	-2.3259142215331856	-0.3158069338810216	-0.3285514163636736	0.0	-0.2867386258331121	0.023795574126771	-0.8124775489031902	-0.1341472590573093	Cystectomy	23
25 TUR	-2.406491206297203	-1.6944011764546898	-2.1648429011389143	-2.424914289123989	-2.0066129978042437	-0.1662371061305193	-0.5630017029778196	0.0	-0.4975097040699047	-0.4183012913197453	0.1582299033346706	-0.7305131126692991	TUR	25
25 Cystectomy	-3.2972924553542744	-2.2262830123191537	-1.5759374962560686	-1.84274845748589	-2.0305843040974687	-0.4114032718956962	-0.255274234244187	0.0	-0.2130973046773156	0.1878358466115786	-0.4546468078414002	0.3835345548332635	Cystectomy	25
26 TUR	-2.741175608276669	-2.222468175643564	-1.1828755339564698	-2.329584194192013	-1.853111800618644	-0.7273518278263541	-0.142355226007785	0.0	-0.090094167765216	-0.476472393573369	-0.6702362666621744	-0.10711601854845	TUR	26
26 Cystectomy	-1.5892788759335026	-2.253158978167317	-1.5880353005761492	-2.5736146380637352	-1.8653203359424253	-0.4405890058727436	-0.2487391935916563	0.0	-0.1955764461478772	-0.7082943021213098	-0.2772850353662761	-0.3204556598964181	Cystectomy	26
27 TUR	-2.3083282333709465	-1.9382444967908976	-1.0559917277634334	-1.4570698846518717	-1.480189616481025	-0.6635126521416723	-0.2141768791034924	0.0	-0.1062400888638392	0.0231197318291537	-0.4241978887175917	0.4811746121390264	TUR	27
27 Cystectomy	-1.849878859451939	-1.2753917304428972	-1.093336931066837	-1.5888584892771007	-1.0175637274103868	-0.3857432571223679	-0.4962450268481185	0.0	-0.230173790496355	-0.5712947618667139	0.0757732036564502	-0.3134667588342034	Cystectomy	27
3 TUR	-1.341572133257923	-1.125073139449304	-1.1396232170379674	-1.9474634284079355	-0.5913609674869911	-0.5264759442138479	-0.6162838098233399	0.0	-0.1533674899126745	-1.3561024609209442	0.5482622495509761	-0.8223902889586314	TUR	3
3 Cystectomy	-2.616322275692038	-1.7386473966976512	-1.2171257684059682	-1.665197891251694	-1.2821194191342145	-0.5755019302347797	-0.2372521543390681	0.0	-0.1341621406917874	-0.3830784721174797	-0.0649936507282461	0.073449505445957	Cystectomy	3
30 TUR	-3.786499307446445	-2.4157501934326158	-1.5013301426077754	-2.2454367732358937	-1.6954997952215205	-0.1116255024773921	-0.781688904969924	0.0	-0.6446280410294233	-0.5499369780143735	-0.1941696526137449	0.1703134201967213	TUR	30
30 Cystectomy	-0.976703434064228	-2.1778303347016466	-0.8080531888984547	-1.7933873863830925	-0.4956112314878718	-0.4837334579662546	-1.1644552486548287	0.0	-0.1728189011344107	-1.2977761548952207	0.3124419574105829	0.3844429483185541	Cystectomy	30
31 TUR	-2.7030046204443914	-2.289504528731708	-1.67909246303898	-2.2142056647363293	-1.981676286771583	-0.1085078302197009	-0.7530931965828246	0.0	-0.6554236488721896	-0.2325293779647463	-0.3025838237326028	0.0752988639953789	TUR	31
31 Cystectomy	-2.534022392979133	-1.8532046509875704	-1.47013402783274	-2.0318189549489736	-1.155029815287308	-0.1223928431979599	-0.937232449000524	0.0	-0.6097733428960922	-0.8767891396616658	0.3151042125454319	-0.1786143039614033	Cystectomy	31
33 TUR	-1.6204714629342063	-1.252429784926469	-1.812760984069139	-1.6209259836265602	-0.9498452659672952	-0.5235977940813161	-0.3286467109194414	0.0	-0.154578620628001	-0.671080717659265	0.8629157181018439	-0.3684961987000913	TUR	33
33 Cystectomy	-1.2255139718863992	-0.99492427687281	-1.2402097176278666	-1.1110049943554747	-0.7878688955097566	-0.4857077135789753	-0.668261988873793	0.0	-0.1718530283629432	-0.3231360988457182	0.45234082211811	-0.1160807174826649	Cystectomy	33
34 TUR	-1.5552631418597904	-1.4041837464301068	-1.4988598432778764	-1.7963910728979005	-1.0430985475980412	-0.3301171594334276	-0.485556106993096	0.0	-0.2737632992702761	-0.7532925252998592	0.4557612956798351	-0.3922073264677936	TUR	34
34 Cystectomy	-2.6523821692393925	-1.996467129743196	-1.5803761191423338	-2.2188550407967744	-1.140648979244692	-0.1683864184663674	-0.6892844145519816	0.0	-0.4929366479496995	-1.0782060615520823	0.4397271398976419	-0.2223879110535784	Cystectomy	34
35 TUR	-3.2294332701720414	-2.291581176920886	-1.606783834126278	-1.6687816995946865	-1.697399344131691	-0.1987103815336018	-0.5297714636043092	0.0	-0.4351271142660137	0.0286176445370047	-0.0906155100054129	0.6227994773261998	TUR	35
35 Cystectomy	-2.635832388308495	-1.5333216794386502	-1.5506364966403965	-1.93846068891982	-1.4058790434024917	-0.224908034308534	-0.5321281275011435	0.0	-0.3933898451098563	-0.5325816455173281	0.1447574532379046	-0.4051390094811695	Cystectomy	35
36 TUR	-1.958814522769634	-1.8396109156095448	-1.2246195878368773	-1.9108267969049533	-1.3970914310644853	-0.2299573629733359	-0.5627533485068479	0.0	-0.3860502408427019	-0.5137353658404678	-0.1724718432276079	-0.0712158812954085	TUR	36
36 Cystectomy	-2.476968160986313	-1.768300588266815	-2.229505270335681	-2.142615313013004	-1.9731823576149972	-0.6013365149323686	-0.1515124562989092	0.0	-0.1251784323441534	-0.1694329553980067	0.2563229127206839	-0.3743147247461891	Cystectomy	36
37 TUR	-2.490882963564779	-2.3663894289246343	-1.9159034542334876	-3.05872885436164	-2.2231343550921263	-0.0716203253966467	-0.901235454678827	0.0	-0.8180535665268586	-0.8355944992695135	-0.3072309008586389	-0.6923394254370057	TUR	37
37 Cystectomy	-1.9631568622957447	-1.7166154664477182	-1.4501941910913354	-1.8993504778150747	-1.8269603557380765	-0.1110674212768486	-0.8773793702857553	0.0	-0.6465411648221222	-0.0723901220769981	-0.376766164646741	-0.1827350113673563	Cystectomy	37
39 TUR	-1.6429184772688377	-1.7992242266088947	-0.9747217815640444	-1.5168068102164838	-1.2228623903311668	-0.4678601771824258	-0.372002246748499	0.0	-0.1807921562113104	-0.2939444198853168	-0.2481406087671224	0.282417416392411	TUR	39
39 Cystectomy	-3.997288741579629	-2.690665179405185	-1.362724399818745	-2.771915635254944	-2.131475821959001	-0.2038001628727538	-0.494917265030397	0.0	-0.4265008486814214	-0.6404398132959428	-0.7687514221402559	-0.0812504558497584	Cystectomy	39
4 TUR	-1.7206198916537645	-1.7592492940098952	-2.272356135416413	-2.0038376675282743	-1.969383774530168	-0.1492662839448831	-0.641182046200209	0.0	-0.5363137256843782	-0.0344538929981061	0.3029723608862446	-0.244588373518379	TUR	4
4 Cystectomy	-2.1032930265392733	-1.6529060250668557	-1.031740737949658	-1.6645500062305632	-1.8255641082841427	-0.2596791211838915	-0.5359681339469977	0.0	-0.3466228635488226	0.1610141020535796	-0.7938233703344846	-0.0116439811637075	Cystectomy	4
41 TUR	-3.2045015191475565	-1.8765043855546768	-2.118865373606583	-2.0559567021523804	-1.4239816915073944	-0.0730658206398097	-1.060998802336239	0.0	-0.8100772014868914	-0.6319750106449862	0.6948836820991886	-0.1794523165977032	TUR	41
41 Cystectomy	-1.824075392411232	-1.8164958897017216	-2.093839198839408	-1.8921450500550496	-1.1354425365955167	-0.6135609372268761	-0.1991037039089143	0.0	-0.1211657264394663	-0.756702513459533	0.9583966622438912	-0.075649160353328	Cystectomy	41
42 TUR	-2.213206164876105	-1.4358809061484106	-1.7039423312071038	-1.6632169717455003	-1.8106227560970884	-0.1627646878356441	-0.6719054666746099	0.0	-0.5050608055188972	0.1474057843515882	-0.1066804248899847	-0.2273360655970897	TUR	42
42 Cystectomy	-2.0672003335224924	-1.8060982847584623	-2.2040382934305	-2.0405263058015306	-1.333219996618203	-0.449028513741239	-0.2530135007824626	0.0	-0.1908449636695848	-0.7073063091833278	0.8708182968122972	-0.2344280210430683	Cystectomy	42
43 TUR	-2.550325316264083	-1.5447995318603864	-2.038441955285209	-1.740273204204296	-2.365495442830743	-0.1762367119885951	-0.5675578411420671	0.0	-0.476808136838829	0.6252222386264469	-0.3270534875455341	-0.1954736723439094	TUR	43
43 Cystectomy	-2.23434059739068	-1.211811666351219	-2.664540032482561	-1.2367763552163835	-1.7176263247323595	-0.6077269884568421	-0.2169617387198114	0.0	-0.1230585323322556	0.480849969515976	0.9469137077502014	-0.0249646888651644	Cystectomy	43
44 TUR	-2.921024276842417	-1.944209011521166	-3.101654521918423	-2.536422575093749	-1.7490297768414362	-0.102537696643993	-0.7539583329681272	0.0	-0.6771590070168787	-0.7873927982523128	1.3526247450769868	-0.5922135635725829	TUR	44
44 Cystectomy	-3.090548677870069	-0.9072997132277674	-1.9841154969268129	-2.646953077859293	-2.043176731450984	-0.1412717350173203	-0.8813718468582912	0.0	-0.5564480992021347	-0.6037763464083091	-0.0590612345241713	-1.7396533646315258	Cystectomy	44
45 TUR	-2.0386449277995906	-1.2835898923777884	-1.7319632750953455	-1.824634355337519	-1.685547967667927	-0.3888985955296117	-0.3221213219559666	0.0	-0.2279765862617776	-0.139086387669592	0.0464153074274185	-0.5410444629597309	TUR	45
45 Cystectomy	-1.994159567808809	-2.358392411969529	-1.8894242172887965	-2.844934740714757	-1.950502073255312	-0.1967930875809449	-0.4888837106781608	0.0	-0.4384393814255758	-0.8944326674594452	-0.0610778559665152	-0.4865423287452277	Cystectomy	45
46 TUR	-2.4634329035038647	-1.6655702409464423	-0.9548410741422	-1.7888530646335845	-0.8548121474889039	-0.2169697549606025	-0.994372092446291	0.0	-0.4053558287283263	-0.9340409171446804	0.1000289266532959	-0.1232828236871419	TUR	46
46 Cystectomy	-2.185000138850737	-2.1808689924104265	-1.360923629701826	-3.180825254610712	-1.10950698682634	-0.0965964807009219	-1.1913162903687864	0.0	-0.7002249557539227	-2.071318267784372	0.251416642875486	-0.999956262200285	Cystectomy	46
47 TUR	-1.3083013795161664	-1.4349846727010762	-2.310726924632923	-1.6632709176838605	-1.2473094828581326	-0.3979158783760378	-0.3656197944403792	0.0	-0.2218634008073585	-0.4159614348257276	1.0634174417747904	-0.228286244982784	TUR	47
47 Cystectomy	-1.8687650832060736	-1.4544850780241374	-1.9827290610374355	-2.9889404466858784	-1.5185502135142472	-0.3969329980980674	-0.2935318948244849	0.0	-0.2225198370652451	-1.4703902331716314	0.4641788475231883	-1.534455368661741	Cystectomy	47
48 TUR	-2.328256911222268	-1.5691378636763973	-1.4209637704289506	-2.0841903375273567	-1.3376841106863766	-0.1535976381509716	-0.7591186437229612	0.0	-0.5259303816934178	-0.7465062268409803	0.0832796597425739	-0.5150524738509596	TUR	48
48 Cystectomy	-2.703791842780676	-1.4453892738083394	-1.2748782655545556	-2.004978935383213	-1.3240062034750542	-0.3019707863784678	-0.4524066775672563	0.0	-0.3000881385668759	-0.6809727319081593	-0.0491279379204985	-0.5595896615748741	Cystectomy	48
5 TUR	-1.9748815773485784	-1.2364628848824952	-1.8343944516601451	-1.9673759085238596	-1.4307152207212777	-0.3690354796963969	-0.35512035048635	0.0	-0.2422329797751318	-0.5366606878025816	0.4036792309388677	-0.730913023641364	TUR	5
5 Cystectomy	-2.788628829450297	-2.290748057469054	-1.2525501709302176	-2.206764553399428	-1.9894621880676864	-0.3522302194791799	-0.3219349774820617	0.0	-0.2552334043732177	-0.2173023653317412	-0.736912017137469	0.0839835040696265	Cystectomy	5
50 TUR	-1.625617618860676	-1.4780130885950284	-1.3149558837794444	-2.278696737518129	-1.4785072314223735	-0.3987337144274305	-0.3401886289973436	0.0	-0.2213183135419849	-0.8001895060957548	-0.1635513476429294	-0.8006836489231002	TUR	50
50 Cystectomy	-1.2958129006943175	-1.294409316079596	-1.7036777507968797	-2.5083047354026315	-0.7738532367318569	-0.9240978386049272	-0.2303721235618082	0.0	-0.0550704438996539	-1.7344514986707749	0.9298245140650224	-1.2138954193230358	Cystectomy	50
52 TUR	-2.1267376435691334	-1.0704686767773146	-1.0148439416098274	-2.6015391206455782	-1.3021482551829562	-0.3513921561456797	-0.5040741999461982	0.0	-0.2559013581510619	-1.299390865462622	-0.2873043135731288	-1.5310704438682636	TUR	52
52 Cystectomy	-2.193840012599141	-1.969950607190424	-1.3924691945641123	-2.4794411550534075	-1.597811986041092	-0.3557453893581644	-0.3251308305897797	0.0	-0.2524422685261668	-0.8816291690123155	-0.2053427914769798	-0.5094905478629841	Cystectomy	52
53 TUR	-3.637489729512511	-2.282102071525937	-2.25929377903623	-3.688642251959892	-2.228120259059691	-0.237969835884636	-0.3926081243285105	0.0	-0.3748013852108142	-1.460521992900201	0.0311735199765389	-1.406540180433955	TUR	53
53 Cystectomy	-2.539896689251943	-1.6933714560968904	-1.188916648554578	-1.9050805743623669	-1.5063988157544193	-0.5301599793712626	-0.2413957530398336	0.0	-0.1518102278771782	-0.3986817586079477	-0.3174821671998412	-0.2117091182654764	Cystectomy	53
54 TUR	-2.0816589644650176	-1.605596071552248	-1.7473392504060683	-1.9867212054914627	-2.010285807990273	-0.1931895533085055	-0.5405655355156737	0.0	-0.4448187281297479	0.0235646024988108	-0.2629465575842051	-0.3811251339392149	TUR	54
54 Cystectomy	-2.390974185969407	-1.6236147301139134	-1.793642256746235	-1.6566187490892657	-1.1285390853275583	-0.5249115405678881	-0.2509921280519545	0.0	-0.1540312440114633	-0.5280796637617073	0.6651031714186764	-0.0330040189753522	Cystectomy	54
55 TUR	-2.8449515806247527	-1.7088615395725169	-1.9041011324155035	-2.113758359180392	-1.9310390511136597	-0.1420209066814745	-0.6457229356214917	0.0	-0.5545021702986069	-0.1827193080667325	-0.0269379186981558	-0.4048968196078751	TUR	55
55 Cystectomy	-2.475285975889536	-1.9799742233455344	-1.5669571499569692	-1.9874810994894183	-1.6423243811489665	-0.1920258060573045	-0.5476673513542664	0.0	-0.446903924529029	-0.3451567183404517	-0.0753672311919974	-0.0075068761438842	Cystectomy	55
56 TUR	-1.4758175439276846	-1.206404907449397	-1.670067002895506	-1.9690178827253395	-1.164206206905995	-0.3741246429108836	-0.4187760468001363	0.0	-0.2384776682124306	-0.8048116758193444	0.505860795989511	-0.7626129752759425	TUR	56
56 Cystectomy	-1.483716119130777	-1.3112639799245118	-2.1308242028328026	-3.171948224523194	-1.189446241527661	-0.5536012327670228	-0.2470942690498488	0.0	-0.1423712123600894	-1.9825019829955328	0.9413779613051416	-1.8606842445986815	Cystectomy	56
57 TUR	-2.197547935700998	-1.4611730428854457	-1.5132824455716134	-1.6190822940584164	-2.1789286643772505	-0.2506671109231957	-0.4732994152650694	0.0	-0.3580061775870502	0.5598463703188342	-0.6656462188056371	-0.1579092511729708	TUR	57
57 Cystectomy	-2.247831926522208	-1.3272776400503734	-1.4056504333314606	-2.4221770807745115	-1.3566987672975968	-0.391548307435322	-0.3426603526099762	0.0	-0.2261615171972951	-1.0654783134769148	0.0489516660338636	-1.0948994407241384	Cystectomy	57
58 TUR	-2.253569039876122	-2.160330391094743	-2.058163490564488	-2.047248501391337	-1.6713374026776795	-0.0904786689397603	-0.8646474363605614	0.0	-0.725682969360887	-0.3759110987136572	0.3868260878868079	0.1130818897034057	TUR	58
58 Cystectomy	-2.7397967777630727	-1.818743333460807	-2.131726324428965	-2.035431741540348	-1.7640855903558488	-0.1064528823808597	-0.7783516317218776	0.0	-0.6627605028246935	-0.2713461511844987	0.3676407340731162	-0.2166884080795405	Cystectomy	58
59 TUR	-2.2366760318282664	-1.3514221022129904	-2.2220258209217687	-2.467826701663653	-1.8065638610690304	-0.1863208613327527	-0.5629587814828211	0.0	-0.4573504303022743	-0.6612628405946228	0.4154619598527381	-1.1164045994506628	TUR	59
59 Cystectomy	-2.562298347591887	-1.9240161769394664	-1.343814875935854	-3.080862324278621	-2.163358811477723	-0.1158574653412122	-0.7785462131833428	0.0	-0.6304961175758114	-0.9175035128008984	-0.8195439355418686	-1.1568461473391547	Cystectomy	59
6 TUR	-1.511405099008457	-1.3297380396258622	-1.5039416450588363	-1.987979211001384	-1.0320993971462475	-0.2236823950862753	-0.7201318997317987	0.0	-0.3951935013905292	-0.9558798138551368	0.4718422479125889	-0.658241171375522	TUR	6
6 Cystectomy	-1.7359900364127538	-1.616450276971452	-1.108144142448025	-1.8860495134336308	-1.253544093323994	-0.3369569280586379	-0.4554129894051413	0.0	-0.267848544282267	-0.6325054201096366	-0.1453999508759692	-0.2695992364621787	Cystectomy	6
60 TUR	-1.7051630633028696	-1.9315954383890523	-1.5283884138907502	-2.478553010909636	-2.3092797016404227	-0.1435734339791144	-0.6728171981702956	0.0	-0.5504731728649138	-0.169273309269213	-0.7808912877496725	-0.5469575725205833	TUR	60
60 Cystectomy	-3.1256094276623894	-2.2577674003442083	-2.211738010896336	-3.1015076450101997	-2.299376126537747	-0.1707405803499375	-0.5130731847672156	0.0	-0.4880231760294155	-0.8021315184724522	-0.0876381156414109	-0.8437402446659908	Cystectomy	60
61 TUR	-1.8589577123057448	-1.9901274665870927	-1.6757081528050934	-1.9563319631793887	-2.1994667905807144	-0.1816263816051348	-0.5539402988932525	0.0	-0.466245731295359	0.2431348274013252	-0.5237586377756209	0.0337955034077035	TUR	61
61 Cystectomy	-2.062605130758023	-1.688350904085737	-1.818634482533085	-2.4133049076479445	-1.7028967910220876	-0.22239344864342	-0.4778548278287927	0.0	-0.397117821629995	-0.7104081166258569	0.1157376915109972	-0.7249540035622075	Cystectomy	61
62 TUR	-1.571075496361555	-1.456176198863212	-1.0413935350953194	-1.681170698394644	-1.5040880075213623	-0.2219221336466361	-0.7094937558491944	0.0	-0.3978278315741449	-0.1770826908732818	-0.4626944724260429	-0.2249944995314319	TUR	62
62 Cystectomy	-1.587208529493217	-1.666902822832525	-1.133796316820098	-1.9262602142297167	-1.380277569503464	-0.0878006252960614	-2.054194097067376	0.0	-0.7373752012142981	-0.5459826447262528	-0.2464812526833658	-0.2593573913971914	Cystectomy	62
63 TUR	-2.614568442125111	-1.8460516734281072	-1.6486707483733714	-1.7859710509210438	-2.011256520031378	-0.3567901338897377	-0.3053711525260015	0.0	-0.2516169400259214	0.2252854691103341	-0.3625857716580065	0.0600806225070633	TUR	63
63 Cystectomy	-2.037601921058435	-1.785595403298056	-1.3788082220049849	-1.7646960459158725	-1.1685984153414024	-0.2599214989265496	-0.5257948759400394	0.0	-0.3464394260066806	-0.5960976305744697	0.2102098066635823	0.0208993573821835	Cystectomy	63
64 TUR	-3.795832815982601	-2.003441126484347	-2.420773407897432	-2.3116673291448224	-2.3982207004797087	-0.0451716247933663	-1.1188977591770797	0.0	-1.0052953905841044	0.0865533713348861	0.0225527074177234	-0.3082262026604755	TUR	64
64 Cystectomy	-3.275971402169872	-2.23221198373254	-1.9918387039979264	-3.4840648295777084	-2.442788281465744	-0.0437110032995517	-1.123543808171376	0.0	-1.01886136724581	-1.0412765481119646	-0.4509495774678177	-1.2518528458451688	Cystectomy	64
65 TUR	-2.477666465259486	-1.5366536977393142	-1.787944046249463	-1.6359877206673643	-1.5640726918882129	-0.1784864780662718	-0.6235406997034568	0.0	-0.4723637210102009	-0.0719150287791516	0.2238713543612498	-0.0993340229280504	TUR	65
65 Cystectomy	-2.096652247730482	-1.1559472857189517	-1.4962615517898032	-2.1729551614146696	-0.6380626938933066	-0.9732434532331526	-0.2618462941291021	0.0	-0.0488248585952879	-1.534892467521363	0.8581988578964967	-1.0170078756957182	Cystectomy	65
66 TUR	-1.8758614065072965	-1.6635077209449576	-1.9541237882637372	-1.61869496070878	-1.364443799753783	-0.0875261356390542	-1.1602692314812235	0.0	-0.738672364448981	-0.2542511609549968	0.5896799885099544	0.0448127602361777	TUR	66
66 Cystectomy	-2.097749200118836	-1.6197228506320474	-2.1307865511032635	-2.314162319938761	-1.0737406969195873	-0.1761459217726529	-0.6886582983713007	0.0	-0.4770095390966918	-1.2404216230191738	1.057045854183676	-0.6944394693067137	Cystectomy	66
68 TUR	-4.164875224688807	-2.537216815385851	-3.3242315261008	-2.9271878943866136	-1.6316662298462512	-0.032146812373592	-1.3625413903057615	0.0	-1.146590916262276	-1.2955216645403629	1.692565296254549	-0.3899710790007624	TUR	68
68 Cystectomy	-2.1386514431647385	-1.6358105817101374	-0.992027089789076	-1.6929193408492238	-0.7493434958569352	-0.2673047070480768	-0.8893421223596208	0.0	-0.3375927453153894	-0.9435758449922886	0.2426835939321407	-0.0571087591390864	Cystectomy	68
69 TUR	-1.6451784560950524	-1.2089820284278383	-1.562240675009569	-2.101829640971101	-0.7117585977664438	-0.4165705274678501	-0.5186809882658993	0.0	-0.2098504101915886	-1.390071043204657	0.8504820772431251	-0.8928476125432623	TUR	69
69 Cystectomy	-2.349159789551188	-1.6159410457979124	-1.6527290829884502	-2.781696607393563	-1.2586107392320465	-0.4431990520209394	-0.2741919632887624	0.0	-0.1940999931036466	-1.523085868161517	0.3941183437564037	-1.165755561595651	Cystectomy	69
7 TUR	-3.171291732774204	-2.641641426778357	-1.7755910016711292	-3.3174197684524414	-2.3709675034393687	-0.0569715191464757	-1.0063867986614006	0.0	-0.910266898781806	-0.9464522650130732	-0.5953765017682393	-0.675778341674085	TUR	7
7 Cystectomy	-2.2374819808122184	-2.0929139421144978	-1.5342871775932971	-2.079151362371668	-1.4772906344020544	-0.124346980068243	-0.7844020764818678	0.0	-0.60382677780219	-0.6018607279696131	0.0569965431912427	0.0137625797428301	Cystectomy	7
72 TUR	-2.2119010565509125	-1.5895934655759774	-1.2593913287441998	-1.8534781408758056	-1.422717010100102	-0.1737283055502236	-0.7189010955202421	0.0	-0.4818805117091002	-0.4307611307757039	-0.1633256813559022	-0.2638846752998285	TUR	72
72 Cystectomy	-3.2912061851289467	-1.4134607920250286	-1.02213963264722	-1.9590894963489796	-1.2898252794125615	-0.3330167685237598	-0.4696843122888299	0.0	-0.2712357258182979	-0.6692642169364178	-0.2676856467653413	-0.5456287043239507	Cystectomy	72
75 TUR	-1.2803096185814504	-1.0522413192495434	-0.8430822774167642	-1.6925691682468458	-0.8432714918765281	-0.7579424136659079	-0.4236325443523264	0.0	-0.0833369882669495	-0.8492976763703177	-0.0001892144597638	-0.6403278489973023	TUR	75
75 Cystectomy	-1.6579238196288053	-0.9762781098046864	-1.0574854956352395	-1.7292085848303964	-1.0043241108493617	-0.6178461487851524	-0.3704508205171156	0.0	-0.1197944600822242	-0.7248844739810347	0.0531613847858781	-0.7529304750257102	Cystectomy	75
76 TUR	-1.9067946081087368	-1.572062392787922	-1.0601904220940557	-1.7293187180175826	-1.2450258518723916	-0.193210601064004	-0.8030387698145678	0.0	-0.4447719918780751	-0.4842928661451912	-0.1848354297783359	-0.1572563252296606	TUR	76
76 Cystectomy	-2.3872379169917	-1.8168534410678503	-1.2535108195218936	-2.0333060058600734	-1.7518148100471709	-0.1394892193678231	-0.7629020890764213	0.0	-0.5611209099891037	-0.2814911958129026	-0.4983039905252771	-0.2164525647922228	Cystectomy	76
77 TUR	-4.353069502665454	-2.3753458973766053	-2.323685724980244	-3.273888256617828	-1.3360361633666729	-0.1945260922247822	-0.5147872527507646	0.0	-0.4423917479227479	-1.9378520932511556	0.9876495616135706	-0.8985423592412229	TUR	77
77 Cystectomy	-3.2398452752696127	-2.0271735075135	-1.3707469588515897	-2.606836147582556	-1.8846027934441445	-0.3878229958664852	-0.2818463987087469	0.0	-0.2287171553276976	-0.7222333541384116	-0.513855834592555	-0.5796626400690561	Cystectomy	77
79 TUR	-2.3271385187995195	-1.2741916154856132	-1.0701656144921847	-1.945298683135789	-1.126363491946098	-0.1826784720329299	-0.9419139324304028	0.0	-0.4642359603812699	-0.8189351911896912	-0.0561978774539131	-0.6711070676501757	TUR	79
79 Cystectomy	-1.6017910966016828	-1.7102617187512952	-1.305242479816064	-1.9463696113510776	-0.7117117851465281	-0.178891735554506	-1.4184180828312325	0.0	-0.4715544704968425	-1.2346578262045498	0.5935306946695359	-0.2361078925997825	Cystectomy	79
8 TUR	-2.254169440801321	-1.6298987407728054	-1.5862082869689382	-1.89108293032526	-1.4614904342249762	-0.2748040608650044	-0.4358768904272532	0.0	-0.3289392972376007	-0.4295924961002836	0.1247178527439622	-0.2611841895524544	TUR	8
8 Cystectomy	-2.3419141539006487	-1.834765743154833	-1.0930829160283009	-1.698327084453568	-1.3161516180067112	-0.1875774481364442	-0.7386609738529862	0.0	-0.4550208930363042	-0.3821754664468568	-0.2230687019784104	0.1364386587012649	Cystectomy	8
80 TUR	-2.4583417862410544	-1.7909913182698536	-1.3579064162137655	-2.206257613625744	-2.058319260687196	-0.2342497665988848	-0.4705373465511121	0.0	-0.3799743753398204	-0.1479383529385481	-0.7004128444734306	-0.4152662953558906	TUR	80
80 Cystectomy	-2.773616934137174	-1.5142501019147547	-1.5116935412905057	-2.2509878551367235	-1.819466876956187	-0.3132260611855926	-0.3664996440915603	0.0	-0.2891643643413919	-0.4315209781805363	-0.3077733356656815	-0.7367377532219688	Cystectomy	80
83 TUR	-1.888641817124718	-1.1319946860363992	-1.168953758085682	-1.2917071932960933	-1.2128799161070134	-0.3509660901274403	-0.541301698999232	0.0	-0.2562411191431322	-0.0788272771890797	-0.0439261580213314	-0.159712507259694	TUR	83
83 Cystectomy	-1.195495897147152	-0.8908624999718125	-1.2036839209032435	-2.4416386876475533	-0.8893257473982367	-0.8166039267658403	-0.3372921686425994	0.0	-0.0718813661272303	-1.5523129402493163	0.314358173505007	-1.5507761876757409	Cystectomy	83
85 TUR	-3.4500950758716025	-1.84803508454364	-1.664765240860835	-2.97297382115194	-2.84803508454364	-0.5885606650125645	-0.1514602927471667	0.0	-0.1293258475329158	-0.1249387366082999	-1.1832698436828046	-1.1249387366083	TUR	85
85 Cystectomy	-2.444874408735305	-1.7155530307309117	-0.5663832070477777	-2.0800293469550164	-1.210537866774389	-0.6349960773811543	-0.3934744955196829	0.0	-0.1144906573330429	-0.8694914801806274	-0.6441546597266112	-0.3644763162241049	Cystectomy	85
87 TUR	-1.2507210389469898	-0.9329260127077558	-1.0758165022828432	-1.840379476169633	-1.125133260242339	-0.376645439914112	-0.6312058519948252	0.0	-0.2366350140811415	-0.7152462159272941	-0.0493167579594957	-0.9074534634618772	TUR	87
87 Cystectomy	-1.7023558441393687	-1.3118086248552474	-1.3783142239669754	-1.754704002329268	-1.3232131378265413	-0.2053297635872307	-0.6963968851957739	0.0	-0.4239561625948506	-0.4314908645027266	0.0551010861404341	-0.4428953774740206	Cystectomy	87
88 TUR	-2.8110625124797264	-1.5651087125993062	-1.2346368796171556	-1.5847875250256718	-1.250271644158513	-0.1912398593593552	-0.7281020940021384	0.0	-0.4483073407212791	-0.3345158808671583	-0.0156347645413577	-0.0196788124263654	TUR	88
88 Cystectomy	-3.607967196057708	-1.835406706673679	-1.131452356817402	-2.137631930681337	-1.484951687194685	-0.3524254445217832	-0.3695097034708504	0.0	-0.2550760210009474	-0.6526802434866523	-0.353499330377283	-0.3022252240076583	Cystectomy	88
89 TUR	-2.8547670593667167	-1.7860512469972567	-1.852487293071818	-1.888360647402486	-1.8178501384726744	-0.118388531987063	-0.7478377983281413	0.0	-0.6223059591831576	-0.0705105089298118	0.0346371545991437	-0.1023094004052294	TUR	89
89 Cystectomy	-1.635696702572897	-1.1199328169109954	-1.227495598563199	-1.5660492606393812	-1.0680751084792288	-0.4742322321364487	-0.40488219804083	0.0	-0.1775321843386984	-0.4979741521601523	0.15942049008397	-0.4461164437283857	Cystectomy	89
9 TUR	-1.6820749426233972	-1.2083505094228155	-1.56054614365643	-1.4500854805161527	-1.1969081022474573	-0.3275286334794293	-0.4943048352471499	0.0	-0.2760525582276936	-0.2531773782686953	0.3636380414089726	-0.2417349710933369	TUR	9
9 Cystectomy	-1.821259495538591	-1.386069727235817	-1.295853181948793	-1.3209908175590848	-0.9530196423982792	-0.5136135125513431	-0.3689837536248259	0.0	-0.1589313894988972	-0.3679711751608058	0.342833539550514	0.065078909676732	Cystectomy	9
90 TUR	-2.6111940080149605	-1.7602270343366055	-1.14394106928663	-2.5314828113440373	-1.6080239612254537	-0.2097555921641119	-0.5785516363436816	0.0	-0.4167254110352164	-0.9234588501185836	-0.4640828919388237	-0.7712557770074318	TUR	90
90 Cystectomy	-1.826944648398787	-1.39919701239154	-1.153607325427338	-2.1292729842880487	-0.7216633006316854	-0.8279830098782597	-0.2761871018088063	0.0	-0.0698433562861644	-1.4076096836563636	0.4319440247956526	-0.7300759718965087	Cystectomy	90
91 TUR	-3.106054189000073	-1.8897682992891136	-1.683475343806429	-2.207140142662266	-2.1127551046847133	-0.0591223677208423	-1.1024947174934183	0.0	-0.895245582139808	-0.0943850379775526	-0.4292797608782841	-0.317371843373152	TUR	91
91 Cystectomy	-2.436859165550599	-1.2670975571531615	-1.48694664693341	-1.7362220018471175	-2.092434500764607	-0.318673503133985	-0.3944913894658166	0.0	-0.2840711759872432	0.3562124989174895	-0.6054878538311971	-0.469124444693956	Cystectomy	91
92 TUR	-2.646429524107297	-1.5434665283512032	-0.9898438323498272	-2.1156234104248584	-1.6643170534463578	-0.152629172024908	-0.8732592090140198	0.0	-0.5281996167849258	-0.4513063569785006	-0.6744732210965305	-0.5721568820736551	TUR	92
92 Cystectomy	-1.8051839739831896	-1.044858552252454	-1.1013374745840738	-1.4018290020592483	-1.3462303637175428	-0.4136950638089454	-0.4627796398851864	0.0	-0.2116529214339507	-0.0555986383417055	-0.2448928891334688	-0.3569704498067941	Cystectomy	92
93 TUR	-1.7687680103722585	-0.9710315412754916	-1.3437815632782086	-1.1570054614283831	-1.57026369699344	-0.2415307744029199	-0.7936853284055166	0.0	-0.3699899792198334	0.4132582355650567	-0.2264821337152312	-0.1859739201528915	TUR	93
93 Cystectomy	-1.7548677831315571	-1.0584672141308986	-1.2477019840938706	-1.2386890643761863	-1.401331900005069	-0.3693769913520772	-0.5030314122566857	0.0	-0.2419721239422611	0.1626428356288823	-0.1536299159111984	-0.180221850245288	Cystectomy	93
94 TUR	-1.4431780961583782	-0.9040915342516744	-0.7917380782817066	-1.3275634943931278	-0.9914623532190184	-0.5562891177856784	-0.6004536374236791	0.0	-0.1413319838646571	-0.3361011411741094	-0.1997242749373118	-0.4234719601414535	TUR	94
94 Cystectomy	-2.774144036957282	-1.5233094095070898	-1.1457915800902072	-1.777056593475979	-1.2799641515624904	-0.2344729265940556	-0.6110709352627128	0.0	-0.3796650834648637	-0.4970924419134884	-0.1341725714722833	-0.253747183968889	Cystectomy	94
97 TUR	-2.489613601225547	-1.6132795458936064	-2.0911276534723107	-3.022003944587423	-2.4797121582629504	-0.1073926006873638	-0.7467913419652176	0.0	-0.6593868507961133	-0.5422917863244726	-0.3885845047906396	-1.4087243986938165	TUR	97
97 Cystectomy	-2.247044049590712	-1.3608053293470332	-1.093875596549723	-1.5214331618555044	-2.0302925246044907	-0.3183569775984574	-0.4554768548274042	0.0	-0.2843635508691169	0.5088593627489864	-0.9364169280547672	-0.1606278325084711	Cystectomy	97
98 TUR	-2.1501910791510843	-1.2586129908250605	-0.8572361602804313	-2.035228444657369	-1.1224679354371296	-0.327441186963636	-0.6130775256203793	0.0	-0.2761317564201038	-0.9127605092202394	-0.2652317751566984	-0.7766154538323087	TUR	98
98 Cystectomy	-2.693005382583331	-1.323098943223166	-1.0205597025745496	-1.992403031227619	-1.2112450222131903	-0.4693541497012731	-0.3525280793908357	0.0	-0.1800247431560008	-0.7811580090144289	-0.1906853196386405	-0.6693040880044531	Cystectomy	98
24 Cystectomy	-1.573586788502911	-0.8000280886552678	-0.7299331687013242	-1.725032310405315	-1.1103067674504867	-0.6492860094368074	-0.5114853884402988	0.0	-0.1102700553316199	-0.6147255429548281	-0.3803735987491625	-0.925004221750047	Cystectomy	24
28 Cystectomy	-3.2358760928184878	-2.820993782366481	-2.658778926794789	-3.2478739409583834	-1.836093949153916	-0.0580016205121109	-0.976380513241366	0.0	-0.9030195289142584	-1.4117799918044676	0.8226849776408729	-0.426880158591902	Cystectomy	28
29 Cystectomy	-2.389230701534214	-1.482502370320415	-1.5567002974352673	-2.5685000374034432	-1.4234775461878957	-0.1788234951938299	-0.6338475476417527	0.0	-0.4717048699844165	-1.1450224912155471	0.1332227512473716	-1.0859976670830285	Cystectomy	29
32 Cystectomy	-2.219569117777933	-1.6038871937041823	-1.396299515259349	-1.947135922292123	-1.208222607861008	-0.4736680601529335	-0.2839334457463704	0.0	-0.1777895332783927	-0.7389133144311149	0.1880769073983408	-0.3432487285879407	Cystectomy	32
70 Cystectomy	-2.1423690596212843	-1.2480710608030516	-1.7501310297737167	-1.789662347744528	-1.4113324027562548	-0.6076395755052056	-0.2098373943436561	0.0	-0.1230834029617993	-0.3783299449882735	0.3387986270174619	-0.5415912869414766	Cystectomy	70
R1 Cystectomy	-2.910702858288606	-1.5556910501583792	-1.3875687207739733	-2.006019128290105	-1.450955699638366	-0.2428380566414683	-0.5041125891074751	0.0	-0.3682069554642024	-0.5550634286517389	-0.0633869788643928	-0.4503280781317259	Cystectomy	R1
R7 TUR	-1.8888098423120063	-1.34384207839009	-1.983205322759234	-1.750130671001118	-0.696443376874181	-0.2508737515927621	-0.8202807906675844	0.0	-0.3577390594431883	-1.053687294126937	1.2867619458850528	-0.4062885926110279	TUR	R7
R8 Cystectomy	-2.6211606577043085	-1.0790562692174377	-1.275263898166228	-1.491189859963321	-1.5361680093306564	-0.5023963411021292	-0.3139059704902494	0.0	-0.1639790478437415	0.0449781493673352	-0.2609041111644283	-0.4121335907458834	Cystectomy	R8
R9 Cystectomy	-1.6216434014931091	-1.1332411363637578	-3.4890930322159197	-2.0244319000559936	-1.3896635372648336	-0.428841731883831	-0.319204949410015	0.0	-0.2023984605532359	-0.6347683627911601	2.0994294949510857	-0.8911907636922358	Cystectomy	R9
R17 Cystectomy	-1.6266731956755671	-1.1381501936233158	-1.3943411422781815	-1.570238505438729	-1.164219378798788	-0.3252239719636131	-0.530187235138813	0.0	-0.2781097097210612	-0.4060191266399408	0.2301217634793934	-0.4320883118154129	Cystectomy	R17
R20 Cystectomy	-1.2320414490872729	-0.6243639336959793	-1.5334033473137614	-1.6573839455165058	-0.7586037370422826	-1.024355731138231	-0.4159496005356232	0.0	-0.0431319345818601	-0.8987802084742231	0.7747996102714788	-1.0330200118205264	Cystectomy	R20
R21 TUR	-2.158122842452153	-1.1379010075423897	-2.908753019184534	-1.9874773535835923	-1.843114346452252	-0.4249030705705591	-0.2852045061196376	0.0	-0.2047493398411527	-0.1443630071313404	1.0656386727322815	-0.8495763460412028	TUR	R21
R21 Cystectomy	-1.718371677875499	-1.2588754538550155	-2.121830840569346	-1.8298729158040945	-1.76736660632651	-0.2514682375434368	-0.4868838869573942	0.0	-0.3569810845074408	-0.0625063094775847	0.3544642342428362	-0.570997461949079	Cystectomy	R21
R28 Cystectomy	-2.441438038327602	-1.5129490797393277	-1.564014333125448	-1.440255211045637	-1.533928962515614	-0.4472008956953889	-0.2874708166821238	0.0	-0.1918506028566722	0.0936737514699768	0.0300853706098342	0.0726938686936906	Cystectomy	R28
R30 Cystectomy	-3.414137362184477	-1.9954678686536949	-2.031920137775272	-2.334956116136852	-2.47075278033336	-0.3707314167275954	-0.2623250315300152	0.0	-0.2409510937722027	0.1357966641965083	-0.4388326425580881	-0.3394882474831568	Cystectomy	R30
R29 Cystectomy	-1.8353742243302225	-1.175983212163246	-1.3144016758858317	-1.3649973594670528	-1.4896976692332935	-0.4994845938905846	-0.3203000677524547	0.0	-0.1653045199025624	0.1247003097662405	-0.1752959933474618	-0.1890141473038068	Cystectomy	R29
R33 Cystectomy	-1.6542888032709513	-1.1778825838754423	-1.3980944498336434	-1.565873951009651	-0.6408615203436037	-0.4040916210877285	-0.6549054514026887	0.0	-0.2177857496788212	-0.9250124306660474	0.7572329294900397	-0.3879913671342085	Cystectomy	R33
R1 TUR	-2.3018739718011414	-1.376899455114791	-1.418772940708334	-2.098552106727993	-1.7751161921998255	-0.1906652387325665	-0.6099765056960539	0.0	-0.4493620161530174	-0.3234359145281672	-0.3563432514914916	-0.7216526516132018	TUR	R1
R8 TUR	-2.6646805496433776	-1.501150830506036	-1.7558829762482484	-1.9765376030723816	-1.80873119938262	-0.2475192430078814	-0.4471738666055907	0.0	-0.3620682183147974	-0.167806403689762	-0.0528482231343713	-0.4753867725663456	TUR	R8
R9 TUR	-2.550082978460782	-1.6160771078935123	-2.194423011134104	-2.26936663789213	-1.8899070209790283	-0.1116545145330637	-0.7568651626302855	0.0	-0.6445357566463581	-0.3794596169131016	0.3045159901550754	-0.6532895299986174	TUR	R9
R7 Cystectomy	-2.0656768937747727	-1.341671804217914	-1.0356457403791113	-1.7572024271909397	-0.314544259630481	-0.593441287199576	-1.0150938519169117	0.0	-0.1278485235290574	-1.4426581675604586	0.7211014807486302	-0.4155306229730259	Cystectomy	R7
R33 TUR	-2.24937646438414	-1.3033366799067607	-2.3754155676529467	-1.963364378024312	-1.6299475192744912	-0.1900739100775256	-0.5840881713361756	0.0	-0.4504357257591662	-0.3334168587498208	0.7454680483784554	-0.6600276981175514	TUR	R33
